ID;Typ;Name_oder_Pseudonym;Quelle_oder_Profil_URL;Passung_0_bis_10;Kontaktweg_und_Freigabe;Status;Erstkontakt_Datum;Naechster_vereinbarter_Schritt;Erster_gemeinsamer_Einsatz_Datum;Wiederholung_Tag_2_bis_7_Datum;Weiterer_Einsatz_Tag_8_bis_14_Datum;Herkunft_Selbstauskunft;Aufwand_Minuten;Zahlender_Kunde;Zitat_oder_Repost_Freigabe;Wichtigster_Abbruch_oder_Feedback
F01;Testfamilie;;;;;;;;;;;;;;;
F02;Testfamilie;;;;;;;;;;;;;;;
F03;Testfamilie;;;;;;;;;;;;;;;
F04;Testfamilie;;;;;;;;;;;;;;;
F05;Testfamilie;;;;;;;;;;;;;;;
F06;Testfamilie;;;;;;;;;;;;;;;
F07;Testfamilie;;;;;;;;;;;;;;;
F08;Testfamilie;;;;;;;;;;;;;;;
F09;Testfamilie;;;;;;;;;;;;;;;
F10;Testfamilie;;;;;;;;;;;;;;;
C01;Creator;;;;;;;;;;;;;;;
C02;Creator;;;;;;;;;;;;;;;
C03;Creator;;;;;;;;;;;;;;;
C04;Creator;;;;;;;;;;;;;;;
C05;Creator;;;;;;;;;;;;;;;
C06;Creator;;;;;;;;;;;;;;;
C07;Creator;;;;;;;;;;;;;;;
C08;Creator;;;;;;;;;;;;;;;
C09;Creator;;;;;;;;;;;;;;;
C10;Creator;;;;;;;;;;;;;;;
C11;Creator;;;;;;;;;;;;;;;
C12;Creator;;;;;;;;;;;;;;;
C13;Creator;;;;;;;;;;;;;;;
C14;Creator;;;;;;;;;;;;;;;
C15;Creator;;;;;;;;;;;;;;;
G01;Gruppe;;;;;;;;;;;;;;;
G02;Gruppe;;;;;;;;;;;;;;;
G03;Gruppe;;;;;;;;;;;;;;;
